Wire,Controllability0,Controllability1,Observability,Prob0,Prob1
10,3,2,3,0.25,0.75
11,3,2,5,0.25,0.75
16,4,2,3,0.375,0.625
19,4,2,3,0.375,0.625
22,5,4,0,0.46875,0.53125
23,5,5,0,0.390625,0.609375
