Wire,Controllability0,Controllability1,Observability,Prob0,Prob1
G10,0,0,10,0.568359375,0.431640625
G5,1,1,11,0.5,0.5
G11,0,2,10,0.86328125,0.13671875
G6,1,3,11,0.5,0.5
G13,0,0,6,0.625,0.375
G7,1,1,6,0.5,0.5
G14,0,0,14,0.5,0.5
G17,2,0,0,0.13671875,0.86328125
G8,0,3,11,0.75,0.25
G12,0,1,11,0.75,0.25
G15,0,1,11,0.5625,0.4375
G16,0,0,12,0.375,0.625
G9,1,0,11,0.2734375,0.7265625
